name,price,img
name,price,img
محول طاقة USB-C من ابل 20 واط - ابيض,65.‎,https://m.media-amazon.com/images/I/61TbaDn9AgS._AC_UL400_.jpg
محول طاقة USB-C من ابل 20 واط - ابيض,65.‎,https://m.media-amazon.com/images/I/61TbaDn9AgS._AC_UL400_.jpg
سماعات ايربودس لايتنينج من ابل - أبيض,60.‎,https://m.media-amazon.com/images/I/41Y2dfI6K1L._AC_UL400_.jpg
ساعة ابل اس اي (نظام تحديد المواقع، 40 ملم) - هيكل المنيوم بلون ضوء النجوم و سوار رياضي بلون ضوء النجوم - مقاس عادي,999.‎,https://m.media-amazon.com/images/I/71AXkkv+IfL._AC_UL400_.jpg
ابل ايرتاج الجديد- حزمة من 4,383.‎,https://m.media-amazon.com/images/I/71gY9E+cTaS._AC_UL400_.jpg
ايربودز برو من ابل مع حافظة شحن ماج سيف (الجيل الثاني) (2022),869.‎,https://m.media-amazon.com/images/I/61SUj2aKoEL._AC_UL400_.jpg
ساعة ابل سلسلة 8 (نظام تحديد المواقع، 45 ملم) هيكل المنيوم بلون فضي وسوار رياضي بلون أبيض - مقاس عادي,"1,649.‎",https://m.media-amazon.com/images/I/71lx204ZxlL._AC_UL400_.jpg
ابل اير تاغ الجديد,119.‎,https://m.media-amazon.com/images/I/713xuNx00oS._AC_UL400_.jpg
سماعة ابل ايربودز الاصدار الثاني مع علبه شحن سلكي - اللون ابيض,439.‎,https://m.media-amazon.com/images/I/7120GgUKj3L._AC_UL400_.jpg
ساعة ابل اس اي (نظام تحديد المواقع، 40 ملم) - هيكل المنيوم فضي و سوار رياضي أبيض - مقاس عادي,999.‎,https://m.media-amazon.com/images/I/71kp2lh+kdL._AC_UL400_.jpg
جهاز ابل تي في 4K موديل 2022 (واي فاي + مدخل ايثرنت، سعه تخزين 128 GB) - ( الجيل الثالث),699.‎,https://m.media-amazon.com/images/I/61lAvV-tMfL._AC_UL400_.jpg
جهاز ابل آيباد موديل 2022 مقاس 10.9 انش (واي فاي، سعه تخزين 64 GB) - أزرق (الجيل العاشر),"1,874.‎",https://m.media-amazon.com/images/I/61uA2UVnYWL._AC_UL400_.jpg
لابتوب ابل ماك بوك اير 2023 مع شريحة ابل M2: شاشة Liquid Retina مقاس 15.3 بوصه، وذاكرة رام سعة 8GB، وقرص SSD سعة 256GB. يعمل مع iPhone وiPad؛ بلون سماء الليل ; عربي/انجليزي,"5,999.‎",https://m.media-amazon.com/images/I/81Fm0tRFdHL._AC_UL400_.jpg
لابتوب ابل ماك بوك اير 2023 مع شريحة ابل M2: شاشة Liquid Retina مقاس 15.3 بوصه، وذاكرة رام سعة 8GB، وقرص SSD سعة 256GB. يعمل مع iPhone وiPad؛ بلون سماء الليل ; انجليزي,"5,999.‎",https://m.media-amazon.com/images/I/81Fm0tRFdHL._AC_UL400_.jpg
ساعة ابل الترا (نظام تحديد المواقع + شريحه إتصال، 49 ملم) هيكل تيتانيوم مع سوار المحيط بلون سماء الليل,"3,249.‎",https://m.media-amazon.com/images/I/81Ieaa7QlXL._AC_UL400_.jpg
جهاز ابل تي في 4K موديل 2022 (واي فاي، سعه تخزين 64GB) - ( الجيل الثالث),599.‎,https://m.media-amazon.com/images/I/61lAvV-tMfL._AC_UL400_.jpg
هاتف ايفون 11 مع تطبيق فيس تايم من ابل - 64 جيجا، الجيل الرابع ال تي اي (اصدار 2020 - عبوة نحيفة) اسود,"1,799.‎",https://m.media-amazon.com/images/I/71iO2R+CLjL._AC_UL400_.jpg
ساعة ابل سلسلة 8 (نظام تحديد المواقع، 41 ملم) هيكل المنيوم بلون سماء الليل وسوار رياضي بلون سماء الليل - مقاس عادي,"1,547.‎",https://m.media-amazon.com/images/I/71lIkkpGMlL._AC_UL400_.jpg
لابتوب ابل ماك بوك اير 2023 مع شريحة ابل M2: شاشة Liquid Retina مقاس 15.3 بوصه، وذاكرة رام سعة 8GB، وقرص SSD سعة 512GB. يعمل مع iPhone وiPad؛ بلون سماء الليل ; انجليزي,"6,939.‎",https://m.media-amazon.com/images/I/81Fm0tRFdHL._AC_UL400_.jpg
لابتوب ماك بوك برو من ابل موديل 2023 بشريحة M2 Pro مع وحدة CPU مع 10 نوى، مع وحدة GPU مع 16 نواة: شاشة ريتنا ليكويد XDR مقاس 14.2 إنش، ذاكرة RAM 16 GB، قرص SSD 512 GB، لون فضي، عربي/انجليزي,"9,499.‎",https://m.media-amazon.com/images/I/61CHqS31PiL._AC_UL400_.jpg
ابل ايفون اس اي الجديد (128 جيجابايت) - كحلي داكن,"2,299.‎",https://m.media-amazon.com/images/I/61yiMwm0R8L._AC_UL400_.jpg
لابتوب ابل ماك بوك اير 2023 مع شريحة ابل M2: شاشة Liquid Retina مقاس 15.3 بوصه، وذاكرة رام سعة 8GB، وقرص SSD سعة 256GB. يعمل مع iPhone وiPad؛ بلون ضوء النجوم ; انجليزي,"5,999.‎",https://m.media-amazon.com/images/I/81UFHe-hH5L._AC_UL400_.jpg
لابتوب ماك بوك برو من ابل موديل 2023 بشريحة M2 Pro : شاشة ريتنا ليكويد XDR مقاس 16.2 إنش، ذاكرة RAM 16 GB، قرص SSD 1 TB، لون فضي، عربي/انجليزي,"11,369.‎",https://m.media-amazon.com/images/I/61ldExf7mbL._AC_UL400_.jpg
جهاز ابل آيباد موديل 2022 مقاس 10.9 انش (واي فاي، سعه تخزين GB 256) - فضي (الجيل العاشر),"2,694.‎",https://m.media-amazon.com/images/I/61goypdjAYL._AC_UL400_.jpg
لابتوب ابل ماك بوك اير 2023 مع شريحة ابل M2: شاشة Liquid Retina مقاس 15.3 بوصه، وذاكرة رام سعة 8GB، وقرص SSD سعة 512GB. يعمل مع iPhone وiPad؛ بلون فضي ; عربي/انجليزي,"6,899.‎",https://m.media-amazon.com/images/I/71S4sIPFvBL._AC_UL400_.jpg
كابل ابل USB-C إلى لايتنينج - تقنية البرق - (1 متر),79.‎,https://m.media-amazon.com/images/I/61QHx7l9ukL._AC_UL400_.jpg
مجموعة محولات عالمية للسفر من ابل - MD837ZM/A,133.‎,https://m.media-amazon.com/images/I/51AQJwJd4xL._AC_UL400_.jpg
ابل ايباد اير 2022 بشاشة 10.9 انش (واي فاي، 256GB) - بلون ازرق (الجيل الخامس),"2,949.‎",https://m.media-amazon.com/images/I/71VbHaAqbML._AC_UL400_.jpg
"سماعة MPNY3ZE/A داخل الأذن ايربودز من أبل مع حافظة شحن سلكيه (الجيل الثالث),أبيض",679.‎,https://m.media-amazon.com/images/I/61CVih3UpdL._AC_UL400_.jpg
لابتوب ماك بوك برو من ابل موديل 2023 بشريحة M2 Pro مع وحدة CPU مع 10 نوى، مع وحدة GPU مع 16 نواة: شاشة ريتنا ليكويد XDR مقاس 14.2 إنش، ذاكرة RAM 16 GB، قرص SSD 512 GB، لون رمادي فلكي، انجليزي,"9,309.‎",https://m.media-amazon.com/images/I/61lYIKPieDL._AC_UL400_.jpg
محول يو اس بي نوع سي رقمي ايه في متعدد المنافذ,269.‎,https://m.media-amazon.com/images/I/31DDmAfrcvL._AC_UL400_.jpg
جهاز ابل آيباد موديل 2022 مقاس 10.9 انش (واي فاي، سعه تخزين 64 GB) - وردي (الجيل العاشر),"2,049.‎",https://m.media-amazon.com/images/I/61hZrbHRMWL._AC_UL400_.jpg
لابتوب ابل ماك بوك اير 2023 مع شريحة ابل M2: شاشة Liquid Retina مقاس 15.3 بوصه، وذاكرة رام سعة 8GB، وقرص SSD سعة 512GB. يعمل مع iPhone وiPad؛ بلون سماء الليل ; عربي/انجليزي,"6,899.‎",https://m.media-amazon.com/images/I/81Fm0tRFdHL._AC_UL400_.jpg
لابتوب ماك بوك برو من ابل موديل 2023 بشريحة M2 Pro : شاشة ريتنا ليكويد XDR مقاس 16.2 إنش، ذاكرة RAM 16 GB، قرص SSD 1 TB، لون رمادي فلكي، انجليزي,"12,484.‎",https://m.media-amazon.com/images/I/61fd2oCrvyL._AC_UL400_.jpg
ساعة ابل اس اي (نظام تحديد المواقع + وظيفه الإتصال الخلوي، 40 ملم) - هيكل المنيوم فضي و سوار رياضي أبيض - مقاس عادي,"1,319.‎",https://m.media-amazon.com/images/I/71JZxu0npBL._AC_UL400_.jpg
قلم ابل (الجيل الأول) - موديل 2022,446.‎,https://m.media-amazon.com/images/I/41dvbwbP6dL._AC_UL400_.jpg
ابل اي ماك 2021 (24 انش، شريحة ابل ام 1 مع وحدة معالجة مركزية ثمانية النواة، ووحدة معالجة رسومات جرافيكية سباعية النواة، منفذان، ذاكرة رام 8 جيجاـ 256 جيجا) - ازرق,"6,099.‎",https://m.media-amazon.com/images/I/61p-ADlugUS._AC_UL400_.jpg
محول لايتننج ديجيتال ايه في من ابل,199.‎,https://m.media-amazon.com/images/I/31LJYFvDR0S._AC_UL400_.jpg
الكمبيوتر المكتبي ماك ميني من ابل موديل 2023 بشريحة M2 مع وحدة CPU مع 8 نوى، مع وحدة GPU مع 10 نواة، وذاكرة RAM 8GB، وقرص تخزين SSD 512GB، و[إيثرنت غيغابت],"3,739.‎",https://m.media-amazon.com/images/I/61La8PAa42L._AC_UL400_.jpg
جينرين حافظة حماية من السيليكون متوافقة مع ابل ايرتاج 2021، حامل ايرتاج مقاوم للماء ومضاد للخدش لطوق الحيوانات الاليفة وحزام حقيبة الظهر وحلقة مفاتيح للكلاب والقطط,75.‎,https://m.media-amazon.com/images/I/51Y1Zpg4n-L._AC_UL400_.jpg
ساعة ابل سلسلة 8 (نظام تحديد المواقع + وظيفه الإتصال الخلوي، 45 ملم) هيكل حديدي مقاول للصدأ بلون رمادي وسوار ميلانيز رمادي,"3,199.‎",https://m.media-amazon.com/images/I/91Tf90Ld1HL._AC_UL400_.jpg
جوال ابل ايفون 13 برو ماكس الجديد مع تطبيق فيس تايم (128 جيجا) - أزرق سييرا,"5,199.‎",https://m.media-amazon.com/images/I/61i8Vjb17SL._AC_UL400_.jpg
ستيلسيريز نيمبوس+ وحدة تحكم الألعاب اللاسلكية - قابلة لإعادة الشحن - لأجهزة آيفون وآيباد وآي بود وآبل تي في,379.‎,https://m.media-amazon.com/images/I/51gE0ILGH0L._AC_UL400_.jpg
جهاز ابل آيباد برو موديل 2022 مقاس 12.9 انش (واي فاي، سعه تخزين 128 GB) - رمادي فلكي (الجيل السادس),"4,878.‎",https://m.media-amazon.com/images/I/81c+9BOQNWL._AC_UL400_.jpg
ابل كابل شحن لايتنينج 1 متر - MD818ZM/A,88.‎,https://m.media-amazon.com/images/I/51hhaBx5PCL._AC_UL400_.jpg
The Insanely Easy Guide to the 2021 Apple TV 4K: Getting Started With the Latest Generation of Apple TV and TVOS 14.5,110.‎,https://m.media-amazon.com/images/I/61kwMBvW9IL._AC_UL400_.jpg
ابل ايفون 12 مع فيس تايم، 128 جيجا، الجيل الخامس، اسود,"2,499.‎",https://m.media-amazon.com/images/I/71fVoqRC0wL._AC_UL400_.jpg
جاتيجج جير حامل يثبت على الحائط متوافق مع تلفزيون ابل 4 كيه HD الجيل الرابع، حامل يثبت على الحائط متوافق مع تلفزيون ابل 4 اتش دي و4 كيه,59.‎,https://m.media-amazon.com/images/I/41y6yeVYKgL._AC_UL400_.jpg
"ابل اي ماك 2021 (24 انش، شريحة ابل ام 1 مع وحدة معالجة مركزية ثمانية النواة، ووحدة معالجة رسومات جرافيكية ثمانية النواة، 4 منافذ، 8GB RAM, 512GB)- زهري","7,939.‎",https://m.media-amazon.com/images/I/61AWSyzWrmS._AC_UL400_.jpg
name,price,img
name,price,img
name,price,img
name,price,img
ساعة ابل ووتش الترا جديدة (وظيفة الاتصال الخلوي + نظام تحديد المواقع، 49 ملم) - حافظة تيتانيوم مع حلقة الباين خضراء - L,"3,149.‎",https://m.media-amazon.com/images/I/91NqOo6DtSL._AC_UL400_.jpg
ساعة ابل ووتش الترا جديدة (وظيفة الاتصال الخلوي + نظام تحديد المواقع، 49 ملم) - حافظة تيتانيوم مع حلقة الباين خضراء - L,"3,149.‎",https://m.media-amazon.com/images/I/91NqOo6DtSL._AC_UL400_.jpg
حامل طوق القطط ايرتاج مضيء من 3 قطع لجهاز ابل ايرتاج 2021، حافظة حماية سيليكون لطوق الجراء، حامل طوق ايرتاج مضاد للضياع مع واقيات شاشة - ابيض وازرق وزهري,111.‎,https://m.media-amazon.com/images/I/716uEzxGRjL._AC_UL400_.jpg
جيتك واقي شاشة لساعة ابل الترا 49 ملم، زجاج مقوى، شفاف HD، عبوة من 3 قطع,29.‎,https://m.media-amazon.com/images/I/71n5oqGhgbL._AC_UL400_.jpg
فيكييف غطاء حماية ممتص للصدمات من بلينغ متوافق مع ساعة ابل 38 ملم 42 ملم 40 ملم 44 ملم، اطار لوحة الماس الكريستالي متوافق مع ابل اي ووتش سلسلة 4 3 2 1 اسود,53.‎,https://m.media-amazon.com/images/I/81GBMO+cQuL._AC_UL400_.jpg
غطاء حماية جلدي لهاتف ابل ايفون 14 برو مع ماج سيف - لون ازرق​​​​​​,278.‎,https://m.media-amazon.com/images/I/81gZDGsdIsL._AC_UL400_.jpg
حامل شاشة أكريليك شفاف ، حامل شاشة أكريليك متين ، حامل شاشة كمبيوتر ممتاز لأجهزة الكمبيوتر المحمول ، التلفزيون ، ماك ، أبل ، الكمبيوتر الشخصي ، حامل الشاشة للمنزل والمكتب وحامل شاشة لوسيت للمكتب ، منص,370.‎,https://m.media-amazon.com/images/I/611rIcZASTL._AC_UL400_.jpg
فاني تري 95 انش × 72 انش خلفية سعيد ليوم 100 من المدرسة للاطفال والطلاب والاطفال الاولاد والبنات، خلفية لوازم الحفلات، لافتة ديكور هدايا كشك التصوير، قماش دعامة سيلفي,146.‎,https://m.media-amazon.com/images/I/71ogs92PysL._AC_UL400_.jpg
قلم مستدق الطرف نشط من الجيل الثاني لجهاز ابل ايباد اير الجيل الرابع/ الخامس اصدار 2022 10.9 انش، مزود بتقنية رفض راحة اليد ومغناطيسي مع طرف من البولي اوكسي ميثيلين قابل للاستبدال 1.2 ملم، ابيض,43.‎,https://m.media-amazon.com/images/I/51VUWzayV2L._AC_UL400_.jpg
كيبل شحن سريع لجوال ايفون (معتمد من ام اف اي ابل) كيبل شحن ابل ايفون بطول 6 اقدام من نوع C الى كيبل لايتنينج لجوال ايفون 13/13 برو 11بروماكس 12برو 12 ميني 13 ميني 13 برو واكثر,19.‎,https://m.media-amazon.com/images/I/51dPc5suV8L._AC_UL400_.jpg
محول Apple USB-C إلى USB,89.‎,https://m.media-amazon.com/images/I/21BBEZKtUQL._AC_UL400_.jpg
3e حامل سماعة اذن مرن من السيليكون لسماعات ابل اللاسلكية (بينك فاقع),19.‎,https://m.media-amazon.com/images/I/41q-Zq2ZuHL._AC_UL400_.jpg
شاحن مُطور 3.3 قدم/ 1 متر، متوافق مع شاحن اي ووتش اللاسلكي المحمول، مناسب لساعة ابل سلسلة SE/7/6/5/4/3/2/1,39.‎,https://m.media-amazon.com/images/I/51v3CcHp+6L._AC_UL400_.jpg
سبايجن شاشة حماية من الزجاج المقوى لساعة ابل الترا (49 ملم) - عبوة من قطعتين، جلاستر اي زد فيت,169.‎,https://m.media-amazon.com/images/I/61+7HVNoiuL._AC_UL400_.jpg
سوار ساعة يد رياضية من ابل، 45 ملم، ستارلايت,219.‎,https://m.media-amazon.com/images/I/71dkc02i0-L._AC_UL400_.jpg
حافظة حماية جلدية لجوال ايفون 14 برو ماكس من ابل تدعم شاحن ماج سيف - لون ازرق داكن​.​.​.​.​.​.,269.‎,https://m.media-amazon.com/images/I/81tmW2Ef9RL._AC_UL400_.jpg
ساعة ابل سلسلة 8 (نظام تحديد المواقع + وظيفه الإتصال الخلوي، 41 ملم) هيكل المنيوم أحمر وسوار ر ياضي أحمر - مقاس عادي,"2,199.‎",https://m.media-amazon.com/images/I/71iBNUWQQYL._AC_UL400_.jpg
ستيريو سيارة اندرويد 11 [2+32G] 9 انش لجيب جراند شيروكي WK 2008-2013، مع ابل كاربلاي لاسلكي واندرويد اوتو وبلوتوث وراديو اف ام/ار دي اس وواي فاي ونظام تحديد مواقع وUSB مزدوج + كاميرا احتياطية AHD,786.‎,https://m.media-amazon.com/images/I/615dhT1xKxL._AC_UL400_.jpg
غطاء سمارت بطية من ابل لجهاز ايباد برو 12.9 انش الجيل الخامس - اسود,468.‎,https://m.media-amazon.com/images/I/51+tfZq-DES._AC_UL400_.jpg
سوار معصم مصنوع من جلد طبيعي بتصميم قابل للتعديل بمقاس 38 و40 و41 ملم لساعة ابل اي واتش اس ايه وسلسلة 7/6/5/4/3/2/1‏ للجنسين (بني كراميل),39.‎,https://m.media-amazon.com/images/I/61dSU3y3vsL._AC_UL400_.jpg
الكمبيوتر المكتبي ماك ميني من ابل موديل 2023 بشريحة M2 Pro مع وحدة CPU مع 10 نوى، مع وحدة GPU مع 16 نواة، وذاكرة RAM 16GB، وقرص تخزين SSD 512GB، و[إيثرنت غيغابت],"6,099.‎",https://m.media-amazon.com/images/I/61La8PAa42L._AC_UL400_.jpg
سوار اوشين مقاس 49 ملم لساعة ابل، لون اصفر,419.‎,https://m.media-amazon.com/images/I/51rNTq9y3lL._AC_UL400_.jpg
إسوار ساعة ابل جلدي (45 ملم) - سماء الليل - مقاس S/M,419.‎,https://m.media-amazon.com/images/I/61tBh6nie+L._AC_UL400_.jpg
جيتك جراب مع واقي شاشة متوافق مع ساعة ابل اس اي (2022/2020) / سلسلة 6 5 4 40 ملم، غطاء حماية شامل، طبقة مدمجة من الزجاج المقوى عالي الحساسية، عبوة من قطعتين (اسود),29.‎,https://m.media-amazon.com/images/I/61Gw8l4kxlL._AC_UL400_.jpg
بخاخ معطر الغرف برائحة التفاح والقرفة من اريون 300 مل - (عبوة من 3 قطع),43.‎,https://m.media-amazon.com/images/I/61UnMFZpvRL._AC_UL400_.jpg
واقي شاشة متوافق مع ساعة ابل 44 ملم من جي تيك، عالي الوضوح، رفيع للغاية، عبوة من 3 قطع- شفاف,29.‎,https://m.media-amazon.com/images/I/71YWQd68+jL._AC_UL400_.jpg
بطاقة الهواء معصمه للأطفال 2 حزمة الهواء الوسم حامل للأطفال الصغار المعصم أبل airtag سوار للطفل تتبع سوار الهواء علامة الهواء سلسلة مفاتيح GPS معصمه لكبار السن الهواء,82.‎,https://m.media-amazon.com/images/I/61dsz19yIKL._AC_UL400_.jpg
المحفظة الذكية من ابل‏ لجهاز ايباد(الجيل العاشر) - سماوي ​​​​​​​,379.‎,https://m.media-amazon.com/images/I/31B0xE7nZ8L._AC_UL400_.jpg
حزام لساعات ابل الذكية بحجم اطار 38 ملم ، مقاس M ، جلد ، ازرق ، MJ5C2ZM/A,738.‎,https://m.media-amazon.com/images/I/41pmRIp6dJL._AC_UL400_.jpg
قاعدة شحن لاسلكية 5 في 1 من اكس فيرجين مع شحن سريع ومصباح وحامل شحن متعدد كيو اي، محطات شحن سريعة متوافقة مع ابل ايفون 14/13/12/11/ سماعات الاذن/اي واتش/سامسونج/نوثينج - ابيض,99.‎,https://m.media-amazon.com/images/I/51Wk2IWQkIL._AC_UL400_.jpg
محطة شحن ابل لساعة ابل 40 ملم/44 ملم، لون ابيض,109.‎,https://m.media-amazon.com/images/I/41gDTwi3WKS._AC_UL400_.jpg
سوار حلقي متوافق مع سوار ساعة ابل 49 ملم 45 ملم 44 ملم 42 ملم 41 ملم 40 ملم 38 ملم، نايلون منسوج حلقة رياضية للرجال والنساء حزام قابل للتعديل لساعة ابل الترا واي ووتش سلسلة SE 8 7 6 5 4 3 2 1,30.‎,https://m.media-amazon.com/images/I/71edr7qUhwL._AC_UL400_.jpg
يعمل مصباح إضاءة هيكساغون من كولولايت عبر تطبيق ابل هومكيت، يتم التحكم بمصباح LED بالتطبيق المتوافق مع اليكسا ومساعد جوجل، اضواء لوحة RGB الذكية تعمل عبر الواي فاي لديكور الألعاب، عبوة من قطعة واحدة.,89.‎,https://m.media-amazon.com/images/I/61+BnbJcLWL._AC_UL400_.jpg
حافظة سيليكون من ابل بتقنية ماج سيف (ايفون 12 ميني) - اسود,89.‎,https://m.media-amazon.com/images/I/51kn4-R31VS._AC_UL400_.jpg
لابتوب ماك بوك برو من أبل 2022 مع شريحة Apple M2 وشريط لمس (شاشة Retina مقاس 13 إنش، ذاكرة RAM بسعة 8GB، ذاكرة تخزين SSD بسعة 512GB، لوحة مفاتيح بإضاءة خلفية، وكاميرا فيس تايم HD) - بلون فضي ,"6,598.‎",https://m.media-amazon.com/images/I/61bX2AoGj2L._AC_UL400_.jpg
ابل ايربودز، سماعات داخل الاذن، سلكية، مع ميكروفون مدمج، ابيض,60.‎,https://m.media-amazon.com/images/I/311L0eCE+YS._AC_UL400_.jpg
13 Great Ways To Use Apple Cider Vinegar For Your Health and Beauty: ...the essential handbook for Apple Cider Vinegar.,59.‎,https://m.media-amazon.com/images/I/51U82AXT4NL._AC_UL400_.jpg
سوار ستانلس ستيل مع مشبك قابل للطي لساعة ابل ووتش الترا 49 و45 و44 و42 و38 و40 و41 ملم، سلسلة 8 و7 و6 و5 و4 و3 و2 و1 للرجال من تشانتشي (اسود، 49 و45 و44 و42 ملم),85.‎,https://m.media-amazon.com/images/I/717-Ww9t2UL._AC_UL400_.jpg
حامل تلفزيون متوافق مع تلفزيون ابل 4K الجيل الرابع والخامس، حامل جداري سورس تون مع حافظة واقية من السيليكون الاسود متوافق مع تلفزيون ابل 4K الجيل السادس جهاز تحكم عن بعد سيري,35.‎,https://m.media-amazon.com/images/I/41bdpISnPFL._AC_UL400_.jpg
ساعة ابل سلسلة 8 (نظام تحديد المواقع + وظيفه الإتصال الخلوي، 45 ملم) هيكل حديدي مقاول للصدأ بلون فضي وسوار رياضي بلون أبيض - مقاس عادي,"3,319.‎",https://m.media-amazon.com/images/I/71NO4VElJJL._AC_UL400_.jpg
هيد أند شولدرز التفاح الأخضر للاستخدام اليومي ضد القشرة,323.‎,https://m.media-amazon.com/images/I/71PEztFEmOL._AC_UL400_.jpg
سوار ساعة ابل معدني بديل مصمم على شكل حلقة شبكية مع مشبك مغناطيسي من الستانلس ستيل للجنسين من انفوصن، متوافق مع ساعات اي ووتش واس اي اصدار 8 7 6 5 4 3 2 1 (38 ملم/ 40 ملم /41 ملم، ذهبي),31.‎,https://m.media-amazon.com/images/I/81k00U600oL._AC_UL400_.jpg
حافظة حماية جلدية لجوال ايفون 14 برو ماكس من ابل تدعم شاحن ماج سيف - لون فورست جرين​.​.​.​.​.​.,239.‎,https://m.media-amazon.com/images/I/810WORBIPFL._AC_UL400_.jpg
لابتوب ماك بوك برو من ابل موديل 2023 بشريحة M2 Pro مع وحدة CPU مع 10 نوى، مع وحدة GPU مع 16 نواة: شاشة ريتنا ليكويد XDR مقاس 14.2 إنش، ذاكرة RAM 16 GB، قرص SSD 512 GB، لون رمادي فلكي، عربي/انجليزي,"8,949.‎",https://m.media-amazon.com/images/I/61lYIKPieDL._AC_UL400_.jpg
انفوسن متوافق مع اساور ساعة ابل 38 ملم 40 ملم للرجال والنساء، سوار بديل مجدول قابل للتمدد والتعديل سوار معصم رياضي لساعة اي واتش اصدار 6/اس اي/1/2/3/4/5 (38 ملم/ 40 ملم - S، اسود),29.‎,https://m.media-amazon.com/images/I/61GZcDN1Y3L._AC_UL400_.jpg
حافظة حماية سيليكون من ابل بتقنية ماجسيف (ايفون 13 برو ماكس) - سماء الليل,199.‎,https://m.media-amazon.com/images/I/51aJYhtgVkL._AC_UL400_.jpg
شاحن ابل ماجسيف يناسب ايفون 12 برو وايفون 12 برو ماكس وايفون 12 ميني وايفون 12 وايفون 11 برو وايفون 11 برو ماكس وايفون 11,159.‎,https://m.media-amazon.com/images/I/31r7h1At7KS._AC_UL400_.jpg
name,price,img
قلم ستايلس لجهاز الايباد بتقنية رفض راحة اليد، بفعالية نشطة، للكتابة والرسم بدقة، متوافق مع ايباد برو (بمقاس 11/12.9 انش)، ايباد اير بجيل ثالث وخامس، ايباد بجيل سادس وسابع وثامن، ايباد ميني بجيل خامس,32.‎,https://m.media-amazon.com/images/I/41gTIFgAiQL._AC_UL400_.jpg
قلم ستايلس لجهاز الايباد بتقنية رفض راحة اليد، بفعالية نشطة، للكتابة والرسم بدقة، متوافق مع ايباد برو (بمقاس 11/12.9 انش)، ايباد اير بجيل ثالث وخامس، ايباد بجيل سادس وسابع وثامن، ايباد ميني بجيل خامس,32.‎,https://m.media-amazon.com/images/I/41gTIFgAiQL._AC_UL400_.jpg
واقي شاشة متوافق مع ساعة ابل 44 ملم من جي تيك، عالي الوضوح، رفيع للغاية، عبوة من 3 قطع- شفاف,29.‎,https://m.media-amazon.com/images/I/71YWQd68+jL._AC_UL400_.jpg
The Laughing Apple [VINYL],159.‎,https://m.media-amazon.com/images/I/51+qJSHNa5L._AC_UL400_.jpg
QHOHQ 2 حزمة من جراب صلب PC متوافق مع سلسلة Apple Watch Series 8 45mm & Series 7 45mm مع واقي شاشة من الزجاج المقوى، تغطية كاملة، لمس حساسة، غطاء واقي فائق النحافة عالي الدقة - شفاف,16.‎,https://m.media-amazon.com/images/I/71xZNXCjacL._AC_UL400_.jpg
ثينيجي كلاب حامل لاب توب من الالومنيوم بتصميم بسيط لاجهزة ابل ماك بوك اير وماك بوك برو وجميع اجهزة اللابتوب الاخرى (فضي),117.‎,https://m.media-amazon.com/images/I/51hOFOIP8DL._AC_UL400_.jpg
شاحن لاسلكي سريع للسفر ماج سيف 3 في 1 من بيلكن، موثق من ام اف اي، لايفون 14/14 بلس و13 و12 سيريز وبرو وبرو ماكس وميني وابل ووتش سيريز 8 و7 و6 والترا والاصدارات الاقدم ايربودز 2 وايربودز وايربودز برو,599.‎,https://m.media-amazon.com/images/I/61YbqiW2zwL._AC_UL400_.jpg
غطاء حماية حامل لجهاز تعقب طوق الكلاب من بونستايل مع 4 قطع واقيات شاشة من السيليكون لجهاز ابل ايرتاج للقطط والجراء الصغيرة، 4 قطع بلون احمر وازرق واصفر واخضر,54.‎,https://m.media-amazon.com/images/I/71c2AdWYn8L._AC_UL400_.jpg
حافظة حماية مصنوعة من السيليكون لجوال ابل ايفون 14 برو ماكس مع ملحق ماج سيف اصفر داكن,224.‎,https://m.media-amazon.com/images/I/61NNTVZaX6L._AC_UL400_.jpg
حافظة حماية جلد لجوال ابل ايفون 14 بلس مع ماج سيف- اومبر​​​​​​,239.‎,https://m.media-amazon.com/images/I/91uPVdAw7SL._AC_UL400_.jpg
سوار ساعة SOUWILA متوافق مع سوار ساعة أبل السيليكون 38 مم 40 مم 42 مم 44 مم iWatch Series 6/5/4/3/2/1 مطاط مع إبزيم من الفولاذ المقاوم للصدأ (42 مم، برتقالي فضي),114.‎,https://m.media-amazon.com/images/I/51NBUAOgK3L._AC_UL400_.jpg
حافظة جلدية من ابل بتقنية ماج سيف لجهاز (ايفون 13 برو ماكس) - سماء الليل,266.‎,https://m.media-amazon.com/images/I/71HsMK5GXcL._AC_UL400_.jpg
حافظة سيليكون من ابل بتقنية ماج سيف (ايفون 12 ميني) - اسود,89.‎,https://m.media-amazon.com/images/I/51kn4-R31VS._AC_UL400_.jpg
حافظة حماية مصنوعة من السيليكون لجوال ابل ايفون 14 برو ماكس مع ملحق ماج سيف نبات العصاري,164.‎,https://m.media-amazon.com/images/I/61+gHA3z43L._AC_UL400_.jpg
حافظة حماية جلدية لجوال ايفون 14 برو ماكس من ابل تدعم شاحن ماج سيف - لون فورست جرين​.​.​.​.​.​.,239.‎,https://m.media-amazon.com/images/I/810WORBIPFL._AC_UL400_.jpg
حافظة حماية جلدية لجوال ايفون 14 برو ماكس من ابل تدعم شاحن ماج سيف - لون ازرق داكن​.​.​.​.​.​.,269.‎,https://m.media-amazon.com/images/I/81tmW2Ef9RL._AC_UL400_.jpg
قاعدة شحن لاسلكية 5 في 1 من اكس فيرجين مع شحن سريع ومصباح وحامل شحن متعدد كيو اي، محطات شحن سريعة متوافقة مع ابل ايفون 14/13/12/11/ سماعات الاذن/اي واتش/سامسونج/نوثينج - ابيض,99.‎,https://m.media-amazon.com/images/I/51Wk2IWQkIL._AC_UL400_.jpg
سماعات راس فوق الاذن من ثور مع موصل لايتنينج (معتمدة من ابل) - سماعات اذن مغلقة من الخلف لشاشات دي جيه (مشغلات نيوديميوم 50 ملم) (V200 اسود/احمر),487.‎,https://m.media-amazon.com/images/I/61F+Iwoq-lL._AC_UL400_.jpg
سبايجن شاشة حماية من الزجاج المقوى لساعة ابل الترا (49 ملم) - عبوة من قطعتين، جلاستر اي زد فيت,169.‎,https://m.media-amazon.com/images/I/61+7HVNoiuL._AC_UL400_.jpg
شاحن ساعة ابل الجديد 2023 بمنفذ USB C مع شاحن حائط سريع بي دي، [معتمد من ابل] كيبل مغناطيسي ذكي لساعة اي ووتش سلسلة 8 7 6 5 4 3 2 1 SE1 SE2، نوع C 2 في 1 شحن سريع للايفون والساعة (6 قدم),160.‎,https://m.media-amazon.com/images/I/61bGPrU1k7L._AC_UL400_.jpg
جيتك واقي شاشة لساعة ابل الترا 49 ملم، زجاج مقوى، شفاف HD، عبوة من 3 قطع,29.‎,https://m.media-amazon.com/images/I/71n5oqGhgbL._AC_UL400_.jpg
حافظة جلدية من ابل بتقنية ماج سيف لجهاز (ايفون 13) - سيكويا الأخضر,202.‎,https://m.media-amazon.com/images/I/81YJ0V6PlaL._AC_UL400_.jpg
حافظة جوال ايفون 14 بلس شفافه بتقنيه الشحن اللاسلكي (ماج سيف),164.‎,https://m.media-amazon.com/images/I/71kFHryZQKL._AC_UL400_.jpg
عبوة من 6 احزمة ساعة رياضية بديلة متوافقة مع سوار ابل ووتش 38 ملم و40 ملم و41 ملم و42 ملم و44 ملم و45 ملم مقاومة للماء من السليكون الطري، متوافقة مع اي ووتش 7 6 5 4 3 2 1 اس اي للرجال والنساء,69.‎,https://m.media-amazon.com/images/I/71NGpVGuSPL._AC_UL400_.jpg
جودتول شاشة حماية من الزجاج المقوى متوافقة مع ساعة ابل سلسلة 8 الترا من قطعتين، شاشة حماية رفيعة للغاية ومقاومة للخدش بتغطية كاملة (49 ملم، شفاف),22.‎,https://m.media-amazon.com/images/I/618cOh5TYRL._AC_UL400_.jpg
حافظة سيليكون من ابل (تناسب هاتف ايفون 11 برو) - اسود,66.‎,https://m.media-amazon.com/images/I/41Oj1zl9L2L._AC_UL400_.jpg
سوار ساعة معصم ذكية مصنوع من المعدن بتصميم سلسلة بحلقات ربط من الستانلس ستيل، مع حافظة من البولي يوريثين الحراري متوافقة مع ساعة ابل اي-ووتش سلسلة 8 7 6 5 4 3 2 1 اس اي واس اي 2 من مريوسج,69.‎,https://m.media-amazon.com/images/I/71Io9fRyX4L._AC_UL400_.jpg
غطاء حماية راغد ارمور برو مع سوار لساعة ابل السلسلة 7/6/اس ايه/5/4 مقاس 45/ 44 ملم من سبيجين,100.‎,https://m.media-amazon.com/images/I/61AInxTGCqL._AC_UL400_.jpg
سوار ساعة ابل معدني بديل مصمم على شكل حلقة شبكية مع مشبك مغناطيسي من الستانلس ستيل للجنسين من انفوصن، متوافق مع ساعات اي ووتش واس اي اصدار 8 7 6 5 4 3 2 1 (38 ملم/ 40 ملم /41 ملم، اسود),31.‎,https://m.media-amazon.com/images/I/81ls4YwRDML._AC_UL400_.jpg
عبوة من 6 احزمة ساعة رياضية بديلة متوافقة مع سوار ابل ووتش 38 ملم و40 ملم و41 ملم و42 ملم و44 ملم و45 ملم مقاومة للماء من السليكون الطري، متوافقة مع اي ووتش 7 6 5 4 3 2 1 اس اي للرجال والنساء,69.‎,https://m.media-amazon.com/images/I/71Gx-rOaEoL._AC_UL400_.jpg
ساعة ابل سلسلة 8 (نظام تحديد المواقع + وظيفه الإتصال الخلوي، 41 ملم) هيكل حديدي مقاول للصدأ بلون ذهبي وسوار ميلانيز ذهبي,"3,149.‎",https://m.media-amazon.com/images/I/91Z1My5FOCL._AC_UL400_.jpg
[قطعتان] حافظة ساعة ابل سيريز 6/ اس اي/ سيريز 5/ سيريز 4 من جولك، واقي شاشة 40 ملم، حافظة حماية شاملة من البولي يوريثين الحراري، غطاء حماية شفاف اتش دي نحيف للغاية (قطعتين بتصميم شفاف),28.‎,https://m.media-amazon.com/images/I/71Ju-2OQRpL._AC_UL400_.jpg
كيبل شحن USB-C محبوك من ابل - طول 1 متر,89.‎,https://m.media-amazon.com/images/I/31zobTl6MOL._AC_UL400_.jpg
جهاز ابل ايباد برو 2021 الجيل الخامس (12.9 انش، اتصال واي فاي، سعة 2 TB) - فضي,"9,949.‎",https://m.media-amazon.com/images/I/81QaLL+KCIS._AC_UL400_.jpg
اي مول سوار ساعة مطاطي مع حافظة من الياف الكربون متوافق مع ساعة ابل سلسلة 8 7 44 45 ملم، حافظة من الياف الكربون واقية متينة ممتصة للصدمات، مجموعة اساور فاخرة مطورة واستبدال,"1,393.‎",https://m.media-amazon.com/images/I/61H4hKj4LqL._AC_UL400_.jpg
سوار معصم رياضي بديل سيليكون + مشبك مغناطيسي على شكل حرف D لساعة ابل اي ووتش سلسلة 8/الترا/7/SE/6/5/4/3/2/1 مقاس 41 ملم 42 ملم 44 ملم 40 ملم 49 ملم 38 ملم 45 ملم,43.‎,https://m.media-amazon.com/images/I/719BhEZ4MxL._AC_UL400_.jpg
جراب مراقبة القلب متوافق مع موبايل اليفكور كارديا اي سي جي/ كارديا موبايل 6L لاجهزة ابل واندرويد - جراب فقط (اسود ورمادي),62.‎,https://m.media-amazon.com/images/I/81jzdNWheJL._AC_UL400_.jpg
قاعدة شحن لاسلكية لاجهزة ابل المتعددة، شاحن لاسلكي 3 في 1 مع ساعة لايفون 14 برو ماكس/14 برو/14/13/12/X/XR، اير بي او دي برو 3/2، حامل ساعة ابل لسلسلة اي ووتش 8/7/6/SE,159.‎,https://m.media-amazon.com/images/I/71-6qtIdKeL._AC_UL400_.jpg
جهاز تحليل الكحول للهواتف الذكية BACtrack | دقة الدرجة المهنية | اتصال لاسلكي بأجهزة Apple iPhone و Google و Samsung Android | تكامل Apple HealthKit,435.‎,https://m.media-amazon.com/images/I/61GUrcneiaL._AC_UL400_.jpg
ملصق حامل اقلام من بروكيس للجيل الاول والثاني من قلم ابل، حافظة اقلام ستايلس مرنة للجيب - اسود,24.‎,https://m.media-amazon.com/images/I/81cdszOzVlL._AC_UL400_.jpg
قارئ بطاقة ابل لايتنينج اس دي و تي اف ذو فتحة مزدوجة لايفون / ايباد 2 في 1 محول بطاقة ذاكرة تي اف مايكرو وقارئ بطاقة SD الذاكرة لعارضات كاميرا المسار، وصل وشغل,52.‎,https://m.media-amazon.com/images/I/61Ui4Vw3EQL._AC_UL400_.jpg
محول طاقة ماجسيف 2 45 واط لجهاز ماك بوك اير من ابل,297.‎,https://m.media-amazon.com/images/I/31+xmRPR6BL._AC_UL400_.jpg
سوار ساعة رياضي الباين لوب للنساء والرجال من لوكوي متوافق مع جميع انواع ساعات ابل الترا من طبقتين من النسيج المنسوج من تيتانيوم بخطاف على شكل G لسلسلة اي ووتش 8/7/6/5/4/3/2/1/اس اي,58.‎,https://m.media-amazon.com/images/I/81KWUbh3jDL._AC_UL400_.jpg
"New Infrared Remote Control MC377LL/A for Apple 2/3 TV Box A1294 A1156, for Apple 2021 TV4 4K, for Apple 5th TV HD, A1962 A1842/MQD22/MP7P2 A1469 A1427/MD199 A1378/MC572 MM4T2AM/A A1625/MGY52/MLNC2",53.‎,https://m.media-amazon.com/images/I/61ZMJ8gnOgL._AC_UL400_.jpg
سوار معصم رياضي مموج من السيليكون للرجال والنساء، متوافق مع سوار ساعة ابل 45 ملم/ 42 ملم/ 44 ملم/ 49 ملم ومع اي ووتش الترا سلسلة 8/7/6/5/4/3/2/1 اس اي، اصفر,29.‎,https://m.media-amazon.com/images/I/61FSoFzppOL._AC_UL400_.jpg
كاميرا مراقبة أطفال اي بيبي Ibaby M6معتمدة من شركة Apple,925.‎,https://m.media-amazon.com/images/I/513DsVEWEFL._AC_UL400_.jpg
سوار معدني بديل من الستانلس ستيل متوافق مع ساعة ابل 49/45/44/42/41/40/38 ملم لساعة اي ووتش الترا سيريز 8 و7 و6 واس اي و5 و4 و3 و2 و1..,49.‎,https://m.media-amazon.com/images/I/61MbhensGNL._AC_UL400_.jpg
ميكسي حافظة حماية صلبة من البولي كربونات مع شاشة حماية من الزجاج المقوى متوافقة مع ساعة ابل سلسلة 6 اس اي سلسلة 5 سلسلة 4 44 ملم، اسود، عبوة من قطعتين,25.‎,https://m.media-amazon.com/images/I/61wDa7Ea5TL._AC_UL400_.jpg
name,price,img
سوار ساعة رياضي الباين لوب للنساء والرجال من لوكوي متوافق مع جميع انواع ساعات ابل الترا من طبقتين من النسيج المنسوج من تيتانيوم بخطاف على شكل G لسلسلة اي ووتش 8/7/6/5/4/3/2/1/اس اي,58.‎,https://m.media-amazon.com/images/I/81KWUbh3jDL._AC_UL400_.jpg
سوار ساعة رياضي الباين لوب للنساء والرجال من لوكوي متوافق مع جميع انواع ساعات ابل الترا من طبقتين من النسيج المنسوج من تيتانيوم بخطاف على شكل G لسلسلة اي ووتش 8/7/6/5/4/3/2/1/اس اي,58.‎,https://m.media-amazon.com/images/I/81KWUbh3jDL._AC_UL400_.jpg
سوار معصم رياضي مموج من السيليكون للرجال والنساء، متوافق مع سوار ساعة ابل 45 ملم/ 42 ملم/ 44 ملم/ 49 ملم ومع اي ووتش الترا سلسلة 8/7/6/5/4/3/2/1 اس اي، اصفر,29.‎,https://m.media-amazon.com/images/I/61FSoFzppOL._AC_UL400_.jpg
سوار معدني بديل من الستانلس ستيل متوافق مع ساعة ابل 49/45/44/42/41/40/38 ملم لساعة اي ووتش الترا سيريز 8 و7 و6 واس اي و5 و4 و3 و2 و1..,49.‎,https://m.media-amazon.com/images/I/61MbhensGNL._AC_UL400_.jpg
ميكسي حافظة حماية صلبة من البولي كربونات مع شاشة حماية من الزجاج المقوى متوافقة مع ساعة ابل سلسلة 6 اس اي سلسلة 5 سلسلة 4 44 ملم، اسود، عبوة من قطعتين,25.‎,https://m.media-amazon.com/images/I/61wDa7Ea5TL._AC_UL400_.jpg
حافظة حماية سيليكون من ابل بتقنية ماجسيف (ايفون 13) - سماء الليل,162.‎,https://m.media-amazon.com/images/I/51lO9Q5H4IL._AC_UL400_.jpg
DZSZTX - طاولة كمبيوتر محمول قابلة للطي مع فتحة كوب ، طاولة كمبيوتر محمول مع أرجل قابلة للطي للأريكة ، السرير ، الشرفة ، الحديقة ، مكتب كمبيوتر محمول قابل للطي مع فتحة ، 1 خشب التفاح,"1,268.‎",https://m.media-amazon.com/images/I/71d1l9OtmgL._AC_UL400_.jpg
حافظة حماية سيليكون من ابل بتقنية ماجسيف (ايفون 13 ميني) - أحمر,125.‎,https://m.media-amazon.com/images/I/61b0ABYH4CL._AC_UL400_.jpg
جراب محفظة agon مطفأ اللمعة لهاتف XR، غطاء واقٍ ناعم من البولي يوريثان الحراري مع لطيف، وردي لهاتف آيفون XR,69.‎,https://m.media-amazon.com/images/I/51Rv2Zzz+fL._AC_UL400_.jpg
حافظة جلدية من ابل بتقنية ماج سيف لجهاز (ايفون 13 برو) - سماء الليل,278.‎,https://m.media-amazon.com/images/I/71q4pb8nsmL._AC_UL400_.jpg
محول كابل تليفزيون من هاتف ابل ايفون اكس 8 بلس 2 متر لايتننج الى اتش دي ام اي ايه في 1080 بكسل لجهاز ابل ايفون 7 و6 و6 اس بلس و5 اس وايباد واير ايباد,27.‎,https://m.media-amazon.com/images/I/612rj9t5kSL._AC_UL400_.jpg
سوار جلد رفيع بتصميم مزدوج حول المعصم من ويفيجال متوافق مع اساور ساعة ابل مقاسات 38 ملم و40 ملم و41 ملم و42 ملم و44 ملم و45 ملم و49 ملم، بديل لاساور اي-ووتش سلسلة 8 7 6 اس اي 5 4 3 2 1,108.‎,https://m.media-amazon.com/images/I/71sWxzUPA5L._AC_UL400_.jpg
The Commercial Apple Industry Of North America,279.‎,https://m.media-amazon.com/images/I/61F1f+gv5BL._AC_UL400_.jpg
مجموعة غطاء حماية مستدير واقي شاشة من زجاج مقوي متوافق مع ساعة ابل السلسلة 7 45 ملم، مكونة من 12 اغطية ممتصة للصدمات من بولي كربونات الواقي لحماية كاملة لملحقات اي ووتش 7 من كيوتي,85.‎,https://m.media-amazon.com/images/I/71xMYAgREOL._AC_UL400_.jpg
محول كاربلاي لاسلكي لراديو السيارة بنظام اندرويد من كارلين كيت، كاربلاي لاسلكي بنظام اندرويد وابل للسيارة دونجل 2 في 1|استهلاك طاقة منخفض، يدعم توصيل وتشغيل نسخ متطابق للشاشة وتحديث هوائي وخرائط جوجل,324.‎,https://m.media-amazon.com/images/I/51pA+hL1ydL._AC_UL400_.jpg
حافظة صلبة لساعة ابل اصدار اس اي بمقاس 6 و5 و4 40 ملم بشاشة حماية كاملة من زجاج مقوي شفافة مدمجة وغطاء واقي مضاد للصدمات لساعة اي ووتش 40 ملم اكسسوارات 6 قطع من كيوتي,64.‎,https://m.media-amazon.com/images/I/61b-hRDUYyS._AC_UL400_.jpg
حامل طوق القطط ايرتاج مضيء من 3 قطع لجهاز ابل ايرتاج 2021، حافظة حماية سيليكون لطوق الجراء، حامل طوق ايرتاج مضاد للضياع مع واقيات شاشة - ابيض وازرق وزهري,111.‎,https://m.media-amazon.com/images/I/716uEzxGRjL._AC_UL400_.jpg
إسوار ساعة ابل ميلانيز (45 ملم) - ذهبي,439.‎,https://m.media-amazon.com/images/I/81kKB+pVx8L._AC_UL400_.jpg
name,price,img
name,price,img
name,price,img
name,price,img
name,price,img
name,price,img
name,price,img
name,price,img
name,price,img
name,price,img
name,price,img
name,price,img
name,price,img
name,price,img
name,price,img
name,price,img
name,price,img
name,price,img
name,price,img
name,price,img
name,price,img
name,price,img
name,price,img
name,price,img
name,price,img
name,price,img
name,price,img
name,price,img
name,price,img
name,price,img
name,price,img
name,price,img
